tag;streetartcities_slug;streetartcities_name;instagram;status
13bis;13-bis;13 Bis;13_bis;confirmed
2BAB;2bab;2BAB;2bab93;confirmed
2Flui;2flui;2flui;2flui;confirmed
2li_leina;2li;2Li;2li_leina;confirmed
2Shy;2shy;2Shy;2shywashere;confirmed
3_plus_c;3-plus-c;;3_plus_c;confirmed
4.15 am Club;415-am-club;4.15 am Club;4.15amclub;confirmed
4lfr3dn3wm4d;4lfr3d-n3w-m4d;4LFR3D N3W M4D;4lfr3dn3wm4d;confirmed
570112;570112;570112;570112.street;confirmed
6Tron;6tron;6Tron;6t_streetart;confirmed
9colonnes;9colonnes;9colonnes;9colonnes;confirmed
A Coté de la plaque;a-cote-de-la-plaque;A côté de la plaque;acotedelaplaque;confirmed
A-MO;amo;A-MO;amoarts;confirmed
A.L. Tony;al-tony;A.L. Tony;a.l.tony;confirmed
A2;a2;A2;a2_louisemichel;confirmed
Add Fuel;add-fuel;Add Fuel;addfuel;confirmed
Ades;ades;ADES;ades.kta;confirmed
Adey;adey-adeline-yvetot;Adey;adey.wca;confirmed
Agathon;agathon;Agathon;agathon_art;confirmed
Agostino iacurci;agostino-iacurci;Agostino Iacurci;agostinoiacurci;confirmed
Agrume;agrume;Agrume;agrume_;confirmed
AicMosaic;aic-mosaic;AIC Mosaic;aicmosaic;confirmed
AIKO;aiko;AIKO;ladyaiko_nyc;confirmed
akatygran;akatygran;akatygran;akatygran;confirmed
Akelo;akelo;Akelo;akelo.art;confirmed
Akiza;akiza;Akiza;akiza_akiza;confirmed
Alber;alber;Alber;alber_oner;confirmed
Alex Senna;alex-senna;Alex Senna;alexsenna;confirmed
Alexandre Puga;alexandre-puga;Alexandre Puga;alexandrepuga;confirmed
Alix d'Anselme;alix-danselme;Alix d'Anselme;alix.danselme;confirmed
Alva Moca;alva-moca;Alva Moca;alva_moca;confirmed
Alëxone Dizac;alexone-dizac-1;Alëxone Dizac;alexone_dizac;confirmed
Ami Imaginaire;ami-imaginaire;Ami Imaginaire;ami_imaginaire_streetart;confirmed
Amor;amor;Amor;cedric_as_amor;confirmed
Amsted;amsted;Amsted;ams_ted;confirmed
Anagruz;anagruz;;anagruzartiste;confirmed
Ander;ander;Ander;cours_ander;confirmed
Andrew Wallas;andrew-wallas;Andrew Wallas;andrew_wallas;confirmed
André;andr-saraiva;André Saraiva;andresaraiva;confirmed
Anguelidis;anguelidis;;anguelidis;confirmed
Anna Conda;anna-conda;Anna Conda;anna.conda.art;confirmed
Anna.Laurini;anna-laurini;anna laurini;annalauriniartist;confirmed
Anthea Missy;anthea-missy;Anthea Missy;antheamissy;confirmed
Ardif;ardif;Ardif;a_r_d_i_f;confirmed
Ariane Pasco;ariane-pasco;Ariane Pasco;ariane.posca;confirmed
Arkader;arkaderplayedhere;Arkaderplayedhere;arkaderplayedhere;confirmed
Artiste Ouvrier;artiste-ouvrier;Artiste Ouvrier;artiste_ouvrier;new
ARTUR POLAR;artur-polar;ARTUR POLAR;arturpolar;confirmed
Astro;astro;Astro;astro_urbanart;confirmed
AU.RO.RE (Aurore Vigneron);aurore-aurore-vigneron;AU.RO.RE (Aurore Vigneron);au.ro.reee;confirmed
Aubi;aubi-art;Aubi Art;aubi_art;confirmed
Avok;avok-pigeon;Avok Pigeon;avokparis;confirmed
AVVA;avva;AVVA;avva.street;confirmed
Aydar;aydar-1;Aydar;a_ydar;confirmed
azote42;azote;Azote;azote42;confirmed
b0rdalo_ii;bordalo-ll;Bordalo ll;b0rdalo_ii;confirmed
BackToTheStreet;jbpellerin;jbpellerin;jbpellerin;confirmed
Balek;balek;;sticknbalek;confirmed
Banksy;banksy;Banksy;banksy;confirmed
bARQUEtte;barquette;bARQUEtte;barquette_artiste;confirmed
BARTH Le Sablier;barth-le-sablier;;barth.painter;confirmed
Bastek;bastek;Bastek;bastekstreetart;confirmed
Baudelocque;philippe-baudelocque;Philippe Baudelocque;philippebaudelocque;confirmed
Bault;bault;Bault;bault_;confirmed
Bebar;bebar;Bebar;bebarbarie;confirmed
Befa;befa;Befa;befa_streetinvasion;confirmed
Bero;bero;Bero;bero_stencil;confirmed
berthetone;berthet-one;Berthet One;berthetone;confirmed
Bishop Parigo;bishop;Bishop;bishopparigo;confirmed
BlackDoors;blackdoors;Blackdoors;_blackdoors_;confirmed
BlackLines;black-lines;Black Lines;blacklinesbl;confirmed
bmat.pix;bmatpix;bmat.pix;bmat.pix;confirmed
Britt_Streetart;britt-tam;Britt Tam;britt_streetart_;confirmed
Brusk;brusk;Brusk;brusk_dmv;confirmed
Bzzz;bzzz;Bzzz;b.zzzzzzzzzzzz;confirmed
C+S Streetart;cs-streetart;C+S Streetart;c_plus_s_street_art;confirmed
C215;c215;C215;christianguemy;confirmed
Camille de Cussac;camille-de-cussac;Camille de Cussac;camille_de_cussac;confirmed
Canards Vagabonds;canardsvagabonds-sylvie-gennerat;canards_vagabonds_ (Sylvie Gennerat);canards_vagabonds_;new
Canvaz;canvaz;Canvaz;canvaz_streetart;confirmed
Carole B.;carole-b;Carole B;carolebcollage;confirmed
Caroline Vong (Shupaone);caroline-vong-shupaone;Caroline Vong (Shupaone);shupaone;confirmed
Carreaux_de_Paname;carreau2paname;Carreau2paname;carreau2paname;confirmed
Cartoon N Cereal;cartoon-n-cereal;cartoon n cereal;cartoon_n_cereal;confirmed
Cat goes boming;cat-goes-boming;Cat goes boming;cat_goes_bombing;confirmed
Cecyl;cecyl;CECYL;cecyl_art_painting;confirmed
Ceet;ceet;Ceet;ceet_fouad;confirmed
Chabert 4;chabert-quatre;Chabert Quatre;chabertquatre;confirmed
Chacoste;chacoste;Chacoste;chacoste_75;confirmed
Chah2om;chah2om;Chah2om;chah2om;confirmed
Chanoir;chanoir;Chanoir;chanoir1980;confirmed
Charles_Foussard;charles-foussard;Charles Foussard;charles_foussard;confirmed
Cheuminer;cheuminer;Cheuminer;cheuminer;confirmed
Clairéjo;clairejo;Clairéjo;clairejo.clairejo;confirmed
Clement Herrmann;clement-herrmann;Clément Herrmann;clement.herrmann;confirmed
Clet Abraham;clet-abraham;Clet Abraham;cletabraham;confirmed
Clément Corman;clement-corman;Clément Corman;clementcorman;confirmed
Clément Mougel;clement-mougel;Clément Mougel;clementmougel;confirmed
CMOA;c-moa-farfad; C. MoA FarFaD.;c.moa_farfad.grr;confirmed
CMYK Dots;cmykdots;cmyk_dots;cmyk_dots;confirmed
CodexUrbanus;codex-urbanus;Codex Urbanus;codexurbanus;confirmed
Coeur en Pixel;coeurenpixel;Coeurenpixel;coeurenpixels;confirmed
Cofee;cofee;Cofee;cofee_tsk;confirmed
Colectivo Dexpierte;colectivo-dexpierte;Colectivo Dexpierte;dexpierte_colectivo;confirmed
Collagism;collagism;Collagism ;collagism;confirmed
Commun'Art;communart;Commun'Art;commun_art_1871;confirmed
CookieBronxx;cookie-bronxx;Cookie Bronxx;cookie.bronxx;confirmed
CoolJC;cooljc-art;Cooljc Art;cooljc_art;confirmed
Corine Forest;corine-forest;Corine Forest;corineforest;confirmed
Cosmicbamba;cosmicbamba;Cosmicbamba;cosmicbamba;confirmed
Crey 132;crey-132;Crey 132;crey132;confirmed
Cyberpetrus;cyberpetrus;Cyberpetrus;cyberpetrus;confirmed
d3c4y.prs;d3c4yprs;d3c4y.prs;d3c4y.prs;confirmed
D7606;d7606;D7606;d7606art;confirmed
Daco;daco;DACO;dacopaint;confirmed
DaCruz;dacruz;DaCruz;dacruzgraffiti;confirmed
Dante aka Danteoner;dante-aka-danteoner;Dante aka Danteoner;danteoner;confirmed
Dark;dark;Dark;dark.xo__;confirmed
Dave Baranes;dave-baranes;Dave Baranes;dave_baranes;confirmed
David Selor;david-selor;David Selor;s_e_l_o_r;confirmed
Dawal;dawal-1;Dawal;_dawal;confirmed
deace.one;deaceone;deace.one;deace.one;confirmed
Deaf_point;deaf-point;Deaf Point;deaf_point;confirmed
DeafInvader;deafinvader;Deafinvader;deafinvader;confirmed
Def notes;def-notes;Def notes;def_notes_;confirmed
Delphine.Delas;delphine-delas;Delphine Delas;delphine.delas;confirmed
DemoiselleMM;demoiselle-aka-demoisellemm;Demoiselle aka Demoisellemm;demoisellemm;confirmed
Deni_De_Malice;denidemalice;Déni_de_Malice;deni_de_malice;confirmed
Derf;derf;DERF;derf_gallery;confirmed
desousart;desousart;;desousart;confirmed
Dexpierte;colectivo-dexpierte;Colectivo Dexpierte;dexpierte_colectivo;confirmed
Diane de la Roque;diane-de-la-roque;Diane de la Roque;delaroquediane;confirmed
Dicky;dicky;Dicky;_dicky_paris_;confirmed
Dize 156;dize-156;Dize 156;dize156;confirmed
djalouz;djalouz;Djalouz;djalouz;confirmed
Djoulay La Papaye;djoulay-la-papaye;Djoulay La Papaye;djoulaylapapaye;confirmed
Docteur Bergman;docteur-bergman;Docteur Bergman;docteur_bergman;confirmed
Don_Pablo;don-pablo;Don Pablo;geraud_delort;confirmed
Duggy World;duggy-world;Duggy World;duggyworld;confirmed
Dugudus;dugudus;Dugudus;dugudus;confirmed
Dune Cros;dune-cros;Dune Cros;dune_cros;confirmed
Dwarf_one;dwarfone;Dwarf_one;dwarf_one;confirmed
e.n.s.e.m.b.l;ensembl;ENSEMBL;e.n.s.e.m.b.l;confirmed
eaj;eaj;EAJ;eaj2323;confirmed
easyone graffiti;easyone-graffiti;easyone graffiti;easyone_graffiti;confirmed
Ecilop;ecilop-nationale;Ecilop Nationale;ecilop_nationale;confirmed
Eddie Colla;eddie-colla;Eddie Colla;eddiecolla;new
ELFA One;elfa-one;ELFA One;elfaoner;confirmed
Elgee;elgee;Elgee;_elgee_;confirmed
Ememem;ememem;Ememem;ememem.flacking;confirmed
Emile Bernet;emile-bernet;Emile Bernet;emilebernet;confirmed
Emmanuel Pertuisot;emmanuel-pertuisot;Emmanuel Pertuisot;emmanuelpertuisot;confirmed
Emmanuel Tissandier;emmanuel-tissandier;Emmanuel Tissandier;etissandier_art;confirmed
Emyarts;emyarts;Emyarts;emyarts.emyarts;confirmed
Ender;ender;Ender;ender.artiste;confirmed
Ensemble réel;ensemble-rel;Ensemble réel;ensemblereel;confirmed
Ernesto Novo;ernesto-novo;Ernesto Novo;ernesto.novo;confirmed
etaanhil;etaanhil;Etaanhil;etaanhil;confirmed
Exist;exist;Exist;existbaiona;confirmed
ezk;ezk;EZK;ezkstreetart;confirmed
Ezo;ezo-artwork;Ezo Artwork;ezo_artwork;confirmed
EZP;ezp;;ezp_graffiti;confirmed
Fafi;fafi;Fafi;therealfafi;confirmed
Faki Monsieur EIFE;faki-monsieur-eife;Faki Monsieur EIFE;faki_monsieur_eife;confirmed
Falco;falco;Falco;falco.crea;confirmed
Fayalu;fayalu;Fayalu;fayalu_;confirmed
femmestabilo;femmestabilo;Femmestabilo;femmestabilo;confirmed
FKDL;franck-duval;Franck Duval;fkdl_franck_duval;confirmed
FLAG;flag;Flag;flag_belleville;confirmed
Florist;florist;Florist;florist.ldn;confirmed
Fluosobre;fluo-sobre;Fluo Sobre;Fluosobre;confirmed
Fléx;flex-1;Fléx;flex.mecca;confirmed
FMR;fmr;fmr;fmr2010;confirmed
Fouapa;fouapa;fouapa;fouapa;confirmed
Fragile Frisbee;fragile-frisbee;Fragile Frisbee;fragile_frisbee;confirmed
Fragola de la Vega;fragola-de-la-vega;fragola de la vega;fragola_de_la_vega;confirmed
FredLeChevalier;fred-le-chevalier;Fred le Chevalier;fredlechevalier;confirmed
Fritten Freddie;fritten-freddie;Fritten Freddie;frittenfreddie__;confirmed
Frogskin;frogskin;Frogskin;frogskin.official;confirmed
Fuer Panda;fuer-panda;Fuer Panda;fuer.panda;confirmed
Fédérico Luvol;federico-luvol;Fédérico Luvol ;federicoluvol;confirmed
Fées des rues;fees-des-rues;Fées des rues;feesdesrues;confirmed
Gaspard Lieb;gaspard-lieb;Gaspard Lieb;gaspardlieb;confirmed
Gelcau;gelcau;gelcau;gelcau_;confirmed
Gerard Zlotykamien;gerard-zlotykamien;Gerard Zlotykamien;zlotykamien;confirmed
Gigi Octopus;gigi-octopus;GiGi Octopus;gigi_octopus;confirmed
GladPow;gladpow;Gladpow;gladpow;confirmed
GODMESS;godmess;GODMESS;thegodmess;confirmed
GR1-2SL;gr12sl;GR1-2SL;gr1_2sl;confirmed
graf.flower;graf-flower;GRAF FLOWER;graf.flower;confirmed
graffmatt;graffmatt;Graffmatt;graffmatt;confirmed
Gregos;gregos;Gregos;gregosart;confirmed
Grüne;grune;Grune;grunegrune;confirmed
Grünnif;grunnif;Grunnif;grunnif;confirmed
Guillaume Garrié;guillaume-garie;Guillaume Garie;guillaume_garrie;confirmed
Gzup;gzupstreetart;GZUP_streetart;gzup_streetart;confirmed
HanimaléMoz;hanimale-moz;Hanimalé Moz;hanimalemoz;confirmed
HanselPixel;hansel-pixel;Hansel Pixel;hanselpixel;confirmed
HaveASeat;haveaseat;Haveaseat;haveaseat_paris;confirmed
Hazul;hazul;Hazul;hazul;confirmed
Heart Street;sweetheart-streetart;Sweetheart Streetart;heart_street;confirmed
HeartCraft;heartcraft;Heartcraft;heartcraft_streetart;confirmed
Henry Hang;henry-hang;;henryhang;confirmed
Hera Kut;hera-herakut;Hera (Herakut);hera_herakut;confirmed
Hom Nguyen;hom-nguyen;Hom Nguyen;homnguyen;confirmed
Hopare;hopare;Hopare;hopare1;confirmed
Horss;horss;Horss;horss.art;confirmed
HOYA;hoya;Hoya;hoya.ig;confirmed
Hydrane;hydrane;Hydrane;hydrane;confirmed
Hyls;hyls;HYLS;Hyls;confirmed
In Love;inlovestreetart;Inlovestreetart;inlovestreetart;confirmed
Industrie.Tarte;1du-industrie-tarte;1DU / Industrie Tarte;industrie.tarte;confirmed
InTheMaze;inthemaze;InTheMaze;_inthemaze_;confirmed
InTheWoup;inthewoup;Inthewoup;inthewoup;confirmed
Invader;invader;invader;invaderwashere;confirmed
Iota;iota;Iota;iota.io;confirmed
IPDO;ipdo;IPDO;i_pixel_di_oplontis;confirmed
ixi;ixi;iXi;_.__ixi_;confirmed
Jace;jace;JACE;jaceticot;confirmed
Jack_Ardi;jack-ardi;Jack Ardi;jack_ardi__;confirmed
Jana & JS;jana-js;Jana & JS;janaundjs;confirmed
Janarte66;janarte;Janarte;janarte66;confirmed
Jante;ante;ante;creactivation_;confirmed
Jaxo;jaxo;Jaxo;jaxo.v;confirmed
JBC;jbc;JBC;jbc_urbanart;confirmed
Jean Jerome;jean-jerome;Jean Jerome;jeanjerome.jj;confirmed
Jean Peut-être;jean-peut-etre;Jean Peut-Etre;jeanpeutetre;confirmed
Jean Rooble;jean-rooble;Jean Rooble;jeanrooble;confirmed
Jean-Charles de Castelbajac;jeancharles-de-castelbajac;Jean-Charles de Castelbajac;jcdecastelbajac;confirmed
JeanCharlesRomero;jean-charles-romero;Jean Charles Romero;JeanCharlesRomero;confirmed
Jeff_Aerosol;jef-aerosol;Jef aerosol;jefaerosol;confirmed
Jerome Rasto;jerome-rasto;Jerome Rasto;jeromerasto;confirmed
Jerome Thomas;jerome-thomas;Jerome Thomas;levgtah;confirmed
Jigé;jige;JIGE;jige_studio;confirmed
Jo Ber;jo-ber;Jo Ber;jo__ber;confirmed
Jo Di Bona;jo-di-bona;Jo di Bona;jodibona;confirmed
Jo Little;jo-little;Jo Little;jolittleinparis;confirmed
Joachim Romain;joachim-romain;Joachim Romain;joachimromain;confirmed
Joel Merino;joel-merino;Joel Merino;joelmerino.art;confirmed
John Hamon;john-hamon;John Hamon;john_hamon;confirmed
Jon Buzz;jon-buzz;Jon Buzz;jon.buzzz;confirmed
Jools;jools;Jools;jools.street;confirmed
Joris Delacour;joris-delacour;Joris Delacour ;jorisdelacour;confirmed
JUANSPRAY;juanspray;JUANSPRAY;juanspray;confirmed
Julia Moroge;julia-moroge;;juliamoroge;confirmed
Julien Migwel;julien-migwel;Julien Migwel;Julien Migwel;confirmed
Just_On;just-on;;allolaterreici_just_on;confirmed
Justine Guyomard;justine-guyomard;Justine Guyomard ;justineguyomard;confirmed
K-bal Dona;k-bal-dona-mosaic;K-bal Dona Mosaic;kbalmosaic;confirmed
K.releuses;kreleuses;k.releuses;k.releuses;confirmed
K2B Graff;k2b-graff;K2B Graff;k2bgraff;new
Kaldea;kaldea;Kaldea;kaldea;confirmed
Karim Le H;karim-le-h;Karim Le H;karimleh;confirmed
Kashink;kashink1;Kashink1;kashinkdansle20e;confirmed
Kaï;kai;Kai;kaiart;confirmed
ke.lebra;kelebra;ke.lebra;ke.lebra;confirmed
Keith Haring;keith-haring;Keith Haring;keithharing_;confirmed
Kekli;kekli;kekli;kekli;confirmed
KendoDeuxglik;kendo;Kendo Deuxglik;kendodeuxglik;confirmed
Kevin V;kevinv;kevinV;kevinv_art;confirmed
Keza;keza;Keza;keza_oner;confirmed
Kouka;kouka;Kouka;kouka_ntadi;new
Kraken;kraken;Kraken;___kraken__;confirmed
Krusty;krusty;Krusty;krustysfunhouse;confirmed
kukzer;kukzer;;kukzer;confirmed
Kwiss;kwiss;Kwiss;kwiss_one;confirmed
Kyar Pauk;kyar-pauk;Kyar Pauk;not_kyarpauk;confirmed
L'Atlas;latlas;L'Atlas;latlas_art;confirmed
L_Empreinte_Jo_V;lempreinte-jo-v;L'empreinte Jo V;l_empreinte_jo_v;confirmed
La Schwett;la-schwett;La Schwett;la_schwett;confirmed
la.kus;lakus;la.kus;la.kus.ig;confirmed
La_Dactylo;la-dactylo;La Dactylo;ladactylo;confirmed
la_meuf_street_art;lameufstreetart;la_meuf_street_art;la_meuf_street_art;confirmed
LaDame_Quicolle;la-dame-qui-colle;La dame qui colle;LaDame_Quicolle;confirmed
Lady Bug;ladybug;LadyBug;ladybugnantes;confirmed
ladyspow;ladyspow;;ladyspow;confirmed
lafleuj;la-fleuj;La Fleuj;lafleuj;confirmed
lalala;ocor-lalala;Ocor Lalala;lalala_arts;confirmed
Lasco;lasco;Lasco;lasco_69;confirmed
LAST3;last3;LAST3;last3_streetartist;confirmed
Laszlo;laszlo;Laszlo;laszlogonzo;confirmed
Laurence Cordellier;laurence-cordellier;Laurence Cordellier;studiolaurencecordellier;confirmed
Lazoo;lazoo;Lazoo;yannlazoo;confirmed
Le D.;le-d;Le D.;ouestled;confirmed
Le Koeurélé;le-koeurele;Le Koeurélé ;koeurele;confirmed
Le Long;lelong;LeLong;lelong_art;confirmed
Le Mec Blasé;le-mec-blase;Le Mec Blasé;lemecblase;confirmed
Le Monde D'Arwen;le-monde-darwen;Le Monde D'Arwen;le_monde_d_arwen;confirmed
Le.Cyklop;le-cyklop;Le CyKlop;lecyklop;confirmed
Le_Diamantaire;le-diamantaire;Le Diamantaire;lediamantaire_artist;confirmed
Lefdraw;lefdraw;lefdraw;lefdraw;confirmed
Lek;lek;Lek;lek_______paris;confirmed
LeModuleDeZeer;le-module-de-zeer;Le module de Zeer;lemoduledezeer;confirmed
Leonard Thoyer;leonard-thoyer;Leonard Thoyer;leonardthoyer;confirmed
lepoil;lepoil;Lepoil;lepoilagraffer;confirmed
Les Curiosités de Roger;lescuriositesderoger;lescuriositesderoger;lescuriositesderoger;confirmed
Les Ronco;les-ronco;Les Ronco;lesronco;confirmed
Les Vies Dansent;les-vies-dansent;Les Vies Dansent;lesviesdansent;confirmed
les_murs_ont_des_oreilles;les-murs-ont-des-oreilles;Les Murs Ont Des Oreilles;lesmurs_ont_des_oreilles;confirmed
les_poulpeuses;les_poulpeuses;;les_poulpeuses;confirmed
Leslie Valade;leslie-valade;Leslie Valade;leslievalade_art;confirmed
Levalet;levalet;Levalet;levalet.art;confirmed
Lezzart;lezzart;Lezzart;lezzart._;confirmed
Licea;licea;Licea;7licea;confirmed
little_chaperon_rouge;little-chaperon-rouge;Little Chaperon Rouge;little_chaperon_rouge;confirmed
Loch Stencils;loch-stencils;Loch stencils;lochstencils;confirmed
Lolito;lolitoparis;lolito_paris;lolito_paris;new
lolito_paris;lolitoparis;lolito_paris;lolito_paris;confirmed
Lorem;lorem;Lorem;lorem.pdf;confirmed
Lossapardo;lossapardo;Lossapardo ;lossapardo;confirmed
Louis Masai;louis-masai;Louis Masai;louismasaimichel;confirmed
Loup_y_est_tu;loupyestu;loup_y_es_tu;loup_y_es_tu_;confirmed
Louyz;louyz;Louyz;louyz;confirmed
Lucce;lucce-lucce;Lucce Lucce;lucce.visualartist.muralist;
Ludovic_Djeradi;djeradi-ludovic;Djeradi Ludovic;ludovic_djeradi;confirmed
Lutes;lutes;Lutes;lutes.paris;confirmed
M Fulcro;m-fulcro;M Fulcro;m_fulcro;confirmed
M'sieur Bonheur;david-bonheur;David Bonheur;msieubonheur;confirmed
m-flyko;m-flyko;m-flyko;m_flyko;confirmed
M. Koeur;m-koeur;M. Koeur;m.koeur;confirmed
M.I.U;miu;M.I.U;m.i.u_art;confirmed
Maca;maca;Maca ;maca_dessine;confirmed
Madame;madame;Madame ;m___a___d___a___m___e;new
magiicarts;magiicarts;magiicarts;magiicarts;confirmed
Malice;malice;Malice;___malice____;new
Manu Ibrahim;manu-ibrahim;Manu Ibrahim;manu.ibrahim;confirmed
Manyoly;manyoly;Manyoly;manyoly;confirmed
MarcTaupinClozel;marctaupinclozel;;marctaupinclozel;confirmed
Marienelly;marienellystreetart;Marienelly_streetart;marienelly_streetart;confirmed
Mark Temlett;mark-temlett;Mark Temlett;mark_temlett;confirmed
Marko 93;marko93;Marko93;marko93darkvapor;confirmed
Marmz Twe;marmz-twe;Marmz Twe;marmztwe;confirmed
Marquise;marquise;Marquise;marquise.streetart;confirmed
Martin Bineau;martin-bineau;;mart1bineau;confirmed
Mathieu_1976;mathieu-dussaucy-aka-mathieu-1976;Mathieu Dussaucy aka Mathieu 1976;mathieu_1976;confirmed
MCoeur;monsieur-coeur;Monsieur Coeur;monsieur.coeur;confirmed
Megamatt;megamatt;m_e_g_a_m_a_t_t;m_e_g_a_m_a_t_t;confirmed
Megumi Nemo;megumi-nemo;Megumi Nemo;megumi_nemo;confirmed
Mehdi.Mlc;mehdimlc;Mehdi.mlc;mehdimlc;confirmed
Melissa Follet;melissa-follet;Mélissa Follet;melissafollet.artiste;confirmed
Mesnager;jrme-mesnager;Jérôme Mesnager;jeromemesnager;confirmed
meuf.one;meufone;meuf.one;meuf.one;confirmed
mg_labomba;mg-la-bomba;MG LA BOMBA;mg_labomba;confirmed
Miadana;miadana;Miadana;miadana.artiste;confirmed
Michael Beerens;michael-beerens;Michael Beerens;michaelbeerens;confirmed
MicroMetros;micrometros;Micrometros;micrometros;confirmed
MifaMosa;mifamosa;Mifamosa;mifamosa;confirmed
Mikołaj Rejs;mikoaj-rejs;Mikołaj Rejs;mikolaj_rejs;confirmed
Mikro One;mikroone;Mikro One;mikro_one;confirmed
Mioshe;mioshe;mioshe;mioshe_;confirmed
MissTic;miss-tic;Miss Tic;missticofficiel;confirmed
Mista_Ndek;mista-ndek;Mista Ndek;mista_ndek;confirmed
Mister Blackwhite;mister-blackwhite;Mister Blackwhite;misterblackwhite.graff;confirmed
Mister_P;mister-p;Mister P;mister_p_lille;confirmed
Mizer;mizer;MIZER;mizer971;confirmed
MoANO;moano;Moano;moano.moano;confirmed
Mojito Fraise;mojito-fraise;Mojito Fraise;mojitofraise.fr;confirmed
momolacrapule;momolacrapule;momolacrapule;momolacrapule;confirmed
Monkey Fellas;monkey-fellas;Monkey Fellas;monkeyfellas;confirmed
Monkiz;monkiz;Monkiz;funky_monkiz;confirmed
Monsieur Hobz;monsieur-hobz;Monsieur Hobz;hobz;confirmed
MonsieurPoulet;monsieurpoulet;MonsieurPoulet;philippe.poulet;confirmed
Morne Dmjc;morne;Morne;morne_dmjc;confirmed
Morèje;jerome-gulon-moreje;Jérôme Gulon (Moreje);moreje_jerome_gulon;confirmed
Mos Art;mos-art;Mos Art;mos__art;new
Mosko;mosko;Mosko;moskogerardlauxdit;confirmed
Moyoshi;moyoshi;Moyoshi;yo_moyoshi;confirmed
Mr Stone;mr-stone;Mr Stone;mr__stone;confirmed
Mr. Cenz;mr-cenz;Mr. Cenz;mrcenzone;confirmed
Mr. Pee;misterpee01;misterpee01;misterpee01;confirmed
Mr.Bou;mrbou;Mr.Bou;mooonsieur_bou;confirmed
Mr.VOul;mr-voul;Mr.VOul;mr.voul;confirmed
Mr_Byste;mr-byste;Mr Byste;mr_byste;confirmed
MrChat;mr-chat;Mr Chat;m.chat_france;confirmed
MrDepielli;mr-depielli;Mr Depielli;mr_depielli;confirmed
MrDjoul;mr-djoul;Mr Djoul;mr_djoul;confirmed
MsBeja;ms-bja;MS Béja;msbeja_art;confirmed
Mural Studio;mural-studio;Mural Studio;muralstudio.fr;confirmed
MurMure;murmure;Murmure;murmurestreet;confirmed
Mélanie Busnel;melanie-busnel;Mélanie Busnel;melaniebusnel;confirmed
MélanieBody;melaniebody;#MélanieBody;bodymelanie6;confirmed
Naoh;naoh;Naoh;naoh.artiste;confirmed
Nash;nash;Nash;nash_artworks;confirmed
NASSYO;nassyo;NASSYO ;nassyonerock;confirmed
Nast.404;nast404;Nast.404;nast.404;confirmed
Nawak;nawak;Nawak;lolo_nawak;confirmed
Nazu.Oyasumi;nazuoyasumi;Nazu.Oyasumi;nazu.oyasumi;confirmed
Nbf.Street;nbf-street;nbf street ;nbf.street;confirmed
Nean;nean;Nean;nean_kingdom;confirmed
Nedi;fly-nedi;Fly Nedi;flynedi;confirmed
NeftNik;neftnik;Neftnik;neftnik;confirmed
Nevoul_Art;nevoul-art;Nevoul Art;nevoul_art;confirmed
Next;next-mosaik;Next Mosaik;nextmosaik;confirmed
Nicolas Thiant;nicolas-thiant;Nicolas Thiant;nicolasthiant;confirmed
nicolas.marciano;nicolas-marciano;;nicolas.marciano;confirmed
Nina_Van_Kidow;nina-van-kidow;Nina Van Kidow;nina_van_kidow;confirmed
Ninin;ninin;;ninin_art;confirmed
Niyaz Najafov;niyaz-najavov;Niyaz Najavov;niyaznadjafov;confirmed
njo_972;njo972;NJO972;njo_972;confirmed
Noarnito;noarnito;Noarnito;noarnito;confirmed
Nosbe;nosbe;Nosbe;nosbe_nos;confirmed
Nouvelles Emeric;nouvelles-emeric;Nouvelles Emeric;nouvellesemeric;confirmed
Nô;no;Nô;no.street.art;confirmed
o21_simplement;o21-simplement;O21 Simplement;o21_simplement;confirmed
OakOak;oakoak;Oakoak;oakoak_street_art;confirmed
Obey;shepard-fairey;Shepard Fairey;obeygiant;confirmed
OC;oc;OC;oc.seart;confirmed
oja;oja;OJA;oja_official_;confirmed
Olivia Paroldi;olivia-paroldi;Olivia Paroldi;olivia_paroldi;confirmed
Olivier Lambert;olivier-lambert-illustrateur;Olivier Lambert Illustrateur ;olivier_lambert_art;confirmed
ONSEPT;onsept;Onsept;onsept_nok;confirmed
Oré;or;Oré;ore_urban_art;confirmed
Oskunk;oskunk;Oskunk;oskunk_;confirmed
Otto Schade aka OSCH;otto-schade;Otto Schade;otto_schade;FIXED
Ouestled;le-d;Le D.;ouestled;legacy-alias
Overcook;overcook;overcook;overcookdeluxe;confirmed
P*NM;pnm;p*nm;pnmstreetart;confirmed
PabloSavon;pablo-savon;Pablo Savon;PabloSavon;confirmed
Paddy;patrick-paddy-appere;Patrick Paddy Appere;patrick_paddy_appere;confirmed
PaddyWagon;paddywagon;Paddywagon;paddywagonparis;confirmed
Paella;paella;Paella;paella75;confirmed
pall3y;pall3y;pall3y;pall3y;confirmed
Panamejemabsinte;panamejemabsinthe;Panamejemabsinthe;panamejemabsinthe;confirmed
Papoter1626;papoter1626;Papoter1626;papoter1626;confirmed
Pareidolie;pareidolies;Pareidolies;pare.idolies01;confirmed
Patrick Pinon;patrick-pinon;Patrick Pinon;patrickpinonpp;confirmed
PBOY (Pascal Boyart);pboy-pascal-boyart;PBOY (Pascal Boyart);pboy_artist;confirmed
Petit Agité;petit-agite;Petit Agité;petit.agite;confirmed
Petite Poissone;petite-poissone;petite poissone;petitepoissone;confirmed
Pez;pez;PEZ;pezartwork;confirmed
Philippe Hérard;philippe-herard;Philippe Hérard;philippeherard;confirmed
Philippe_Vignal;philippe-vignal;Philippe Vignal;philippevignalmosaics;confirmed
Philouwer;philouwer;Philouwer;philouwer;confirmed
pia.anais;piaanais;pia.anais;pia.anais;new
Picor_art;picorart;Picor_art;picor_art;confirmed
Pier'Freet;pierfreet;PIER'FREET;pierfreet;confirmed
pierre carbone;pierre-carbone;Pierre Carbone;pierre.carbone;confirmed
Pieter Ceizer;pieter-ceizer;Pieter Ceizer;ceizer;confirmed
pimax;pimax;Pimax;pimaxart;confirmed
PinkJ;pinkj;PinkJ;pinkj_street;confirmed
Pionisci;jack-pionisci;Jack Pionisci;pionisci;confirmed
PIOTRE (Pierre Ygouf);piotre-pierre-ygouf;PIOTRE (Pierre Ygouf);piotre_lapage;confirmed
Pitiao ODV;pitiao-odv;Pitiao ODV;pitiao.odv;new
Pitou Artiste;pitou-artiste;Pitou Artiste;pitouartiste;confirmed
Plan B;plan-b;Plan B;planbstreetart;confirmed
Po3lay;po3lay;PO3LAY;poelaygang;confirmed
Poesie Nucleaire;poesie-nucleaire;;poesienucleaire.nuclearpoetry;confirmed
polarbear;polar-bear;Polar Bear;polarbearstencilz;confirmed
Pox;pox;Pox;street_pox;confirmed
Princess A;princess-a;Princess A;by_princess_a;confirmed
Pyquet;pyquet;Pyquet;pyquet_art;confirmed
pze;pze;PZE;pauze.denhaag;confirmed
Quentin Duroux;quentin-duroux;Quentin Duroux;quentin.duroux;confirmed
Qwert;qwert;Qwert;qwert.art;confirmed
R.Nuage;rnuage;RNuage;r.nuage;confirmed
Raf Urban;raf-urban;Raf Urban;raf_urban;confirmed
Rafael Gray;rafael-gray;Rafael Gray;rafaelgray_1;confirmed
Ramzart;ramzart;;_ramzart_;confirmed
Raphaelle Emery;raphaelle-emery;Raphaelle Emery;raphaelle.emery;confirmed
RBK1;rbk1;RBK1;rbk__1_;confirmed
Rdogvf;rdogvf;;rdogvf;confirmed
Red Art Chili Paper;red-art-chili-paper;Red Art Chili Paper ;redartchilipaper;confirmed
Remi Cierco;remi-cierco;Remi Cierco;remicierco;confirmed
RETRO aka Retrograffitism;retro-aka-retrograffitism;RETRO aka Retrograffitism;retrograffitism;confirmed
ride.in.peace;ride-in-peace;Ride In Peace;ride.in.peace;confirmed
Rige Paddy;graff-rige;Graff Rige;graffrige;confirmed
Rions Noir;rions-noir;Rions noir;rions__noir;confirmed
RNST;rnst;RNST;rnst_art;confirmed
Robert Vargas;robert-vargas;Robert Vargas;therobertvargas;confirmed
rramona;rramona;rramona;rramona____;confirmed
Rue Meurt D'Art;rue-meurt-dart;Rue Meurt d'Art;ruemeurtdart;confirmed
RV2011;rv2011;RV_2011;rv2011onstreets;confirmed
Rx Skulls;rx-skulls;Rx Skulls;rxskulls;confirmed
S4M;samuel-guillemot-s4m;Samuel Guillemot (S4M);s4m_artwork;confirmed
s4m_artwork;sax-aka-saxartwork;SAX aka Saxartwork;s4m_artwork;confirmed
Saab;saab-sabine-petit;SAAB (Sabine Petit);sabine_.petit;confirmed
Saint Surger;saint-surger;Saint Surger;saint_surger;confirmed
Sandre;sandre;Sandre ;sandre.fr;confirmed
Sandrine Boulet aka Sand;sandrine-boulet-aka-sand;;sandrine_boulet;confirmed
Sane2;sane2;Sane2;sane2.art;confirmed
Sange 07;sange-07;Sange 07;sange.07;confirmed
Sarah Lembo;sarah-lembo;Sarah Lembo;sarah_lembo;confirmed
Sarcé;sarce;Sarcé;sarce.mecca;confirmed
sax;sax-aka-saxartwork;SAX aka Saxartwork;saxartwork;confirmed
SeiLeise;seileise-1;seiLeise;seileise;confirmed
Seize Happywallmaker;seize-happywallmaker;Seize Happywallmaker;seize_happywallmaker;confirmed
Seth;seth-globepainter;Seth Globepainter;seth_globepainter;confirmed
Seven;seven;Seven;sevenparisstreetart;confirmed
Sevenparis;sevenparis;Sevenparis;sevenparisstreetart;confirmed
sfhir;sfhir;Sfhir;sfhir;confirmed
ShadeeK;shadee-k;Shadee K;shadeekevinours;confirmed
shadow_404kid;shadow-404-kid;Shadow (404 Kid);shadow_404kid;confirmed
Shane Hello;shane-hello;Shane Hello;shane_hello_;confirmed
Shatters;shatters;Shatters;shattersstreetart;confirmed
Sick Society;sick-society;Sick Society;__sicksociety__;confirmed
sido;sido-mosaique;Sido Mosaique;sido.atelier;confirmed
Silkmoth;silkmoth;Silkmoth;silkmoth__;confirmed
Silvia Marcon;silvia-marcon;Silvia Marcon;_sil_sil_;confirmed
Singe Savant;singe-savant;Singe Savant;singe_savant_;confirmed
Singular Vintage;singular-vintage;Singular Vintage;singularvintage;confirmed
Sitou Matt;sitoumatt;sitoumatt;sitoumatt;confirmed
Skeo;skeo;Skeo;babatundepyramid;confirmed
Skio;skio;Skio1;skio1;confirmed
Skrull Avatar;skrull;Skrull Avatar;skrull.avatar;confirmed
Skuff;skuff;SKUFF;skuff_art;new
SlimeMan;slimeman;SlimeMan;slimemansan;confirmed
sly 2;sly2arts;Sly2arts;sly2.fr;confirmed
Smile;smile-boulder;Smile Boulder;smileboulder;confirmed
smiley_nirvana;smileynirvana;smiley_nirvana;smiley_nirvana;confirmed
Smurfy;smurfystreety;smurfy_streety;smurfy_streety;confirmed
Snake;snake;Snake;snakegraffiti;confirmed
SND Colour;snd;SND;snd_colour;confirmed
so.schoen.immer.wieder;so-schoen-immer-wieder;So Schoen Immer Wieder;so.schoen.immer.wieder;confirmed
Soga303;soga-303;Soga 303;303soga;confirmed
Sohan Street;sohanstreet;sohan_street;sohan_street;confirmed
Solrac_Constallations;solrac;Solrac;levraisolrac;confirmed
soluble75;soluble75;soluble75;soluble75;confirmed
Sori;sori;SoRi;sori_artiste;confirmed
sp38;sp38;SP38;sp.38;confirmed
Spear;spear;Spear;spear_paintings;confirmed
Speedy Graphito;speedy-graphito;Speedy Graphito;speedygraphito;confirmed
Spring;spring-illustrations;;spring_illustrations;confirmed
Steeven Salvat;steeven-salvat;Steeven Salvat;steevensalvat;confirmed
Stefi;stefi;STEFI;stefistephanedurot;confirmed
Stephane Assad aka SADA;stephane-assad-aka-sada;;stefsada;confirmed
Ster;ster;Ster;ster_officiel;confirmed
Stew;stew;Stew;stewearth;confirmed
Sticky Shaw;robert-sticky-shaw;Robert Sticky Shaw;stickyshaw;confirmed
STN;stn;STN;stn_artiste;confirmed
Stoeyes;stoeyes;Stoeyes;Stoeyes;confirmed
Stom500;stom500;Stom500;stom500;confirmed
Stork;stork-pixelart;Stork Pixelart;stork_pixelart;confirmed
Stoul;stoul;Stoul;stoulpeintresse;confirmed
Strega;strega;Strega;st.rega_;confirmed
Strombo;strombowashere;Strombowashere;strombowashere;confirmed
sucr128;sucr128;;sucr128;confirmed
Swed;swed;Swed;swed_oner;confirmed
SylGraff;sylgraff;SylGraff;sylgraff;confirmed
Syty;syty;;artiste.syty;confirmed
Tag_Lady;tag-lady;Tag Lady;tag__lady;confirmed
Tanala;tanala;Tanala;tanalawall;confirmed
Tarantonio;tarantonio;Tarantonio;tarantonio_;confirmed
Tarek;tarek;Tarek;tarek.artist;confirmed
Tarek Benaoum;tarek-benaoum;Tarek Benaoum;tarekbenaoum;new
tata_bzh;tata-bzh;Tata bzh;tata_bzh;confirmed
Tchecko;tcheko;Tcheko;tcheko_cercle19;confirmed
Tegmo;tegmo;Tegmo;tegmo_;confirmed
tempo_1990;tempo;TĖMPŌ;tempo_1990;confirmed
Temponok;temponok;TEMPONOK;tempo_nok;confirmed
The Mando;the-mando;The Mando;the_mando.streetart;confirmed
The Mouarf;the-mouarf;;themouarf;confirmed
TheAtomikNation;the-atomik-nation;The Atomik Nation;theatomiknation;confirmed
TheEndOfAnimals;the-end-of-animals;The End of Animals;theendofanimals;confirmed
Theo Haggaï;theo-haggai;Theo Haggai;theohaggai;new
ThePopSurealist;the-pop-surrealist;The Pop Surrealist;thepopsurealist;confirmed
TitiSkull;titi-skull;Titi Skull;titiskull_by_ddup;confirmed
TitoMulk;tito-mulk;TITO/ MULK;titomulk;confirmed
Toctoc;toctoc;TocToc;bytoctoc;confirmed
Todd Artnoz;todd-artnoz;Todd Artnoz;todd.artnoz;confirmed
Tom brikx;tom-brikx;Tom Brikx;brikxart;confirmed
Tom Geleb;tom-geleb;Tom Geleb;tomgeleb;confirmed
Tona;tona;Tona;tona_one;confirmed
TOOX ONE;toox-one;Toox One;toox.one;confirmed
Toqué Frères;toque-freres;Toqué Frères ;toquefreres;confirmed
Toutplaquer;tout-plaquer;Tout Plaquer;toutplaquer_;confirmed
tr1tr1quotidi1;tr1tr1quotidi1;tr1tr1quotidi1;tr1tr1quotidi1.artiste;confirmed
Trassh canZ;trassh;Trassh;trasshcanz;confirmed
Tres Dos;tres-dos;Tres Dos;tresdos_odv;confirmed
Tsobu;tsobu;Tsobu;raphaeltsobu;confirmed
Tweet_Streetart;tweet;Tweet;tweet_streetart;confirmed
UCB Paint;ucb-paint-sebastien-bougier;UCB Paint (Sébastien Bougier);ucb_paris;confirmed
Une Pincee De Ciel;une-pincee-de-ciel;Une Pincée De Ciel;unepinceedeciel;confirmed
Unfortunate Oscar;oscar;Oscar;unfortunate_oscar;confirmed
universalhumanity;universal-humanity;Universal Humanity;universalhumanity;confirmed
urb1_lord;urb1lord;urb1_lord;urb1_lord;confirmed
Ursik;ursika;Ursika;ursika_bear;confirmed
Vale_Stencil;valestencil;Vale_Stencil;vale_stencil;confirmed
Vera Di Bianca;vera-di-bianca;Vera di Bianca;vera_di_bianca_artiste;confirmed
Vhils;vhils;Alexandre Farto aka Vhils;vhils;confirmed
Vialmo.Ink;vialmoink;vialmo.ink;Vialmo.Ink;confirmed
Vialmo.Ink;vialmoink;vialmo.ink;vialmo.ink;confirmed
Victor Ash;victor-ash;Victor Ash;victor.ash.studio;confirmed
Vieilles Verveines;vieilles-verveines;Vieilles Verveines;vieillesverveines;confirmed
Vinie;vinie;Vinie;viniegraffiti;confirmed
Violent_rabbit;violent-rabbit;Violent Rabbit;violent__rabbit;confirmed
WabiSabi;wabi-sabi;Wabi Sabi;wordsbywabisabi;confirmed
Waldo;waldo;Waldo;waldo;confirmed
Wall Lilo;wall-lilo;Wall Lilo;wall.lilo;confirmed
WaterFloColors;waterflocolors;Waterflocolors;waterflocolors.art;confirmed
Wawapod;wawapod;Wawapod;wawapod;confirmed
Weeds;weeds;weeds;weeds.art;confirmed
Wekup;wekup;Wèkup;wekups;confirmed
Wenna;na-wen;Na Wen;wenna_1128;confirmed
Wild Wonder Woman;wild-wonder-woman;Wild Wonder Woman;wild_wonder_woman;confirmed
Xare;xare;XARE;xare75018;confirmed
Yarps;spray-yarps;Spray Yarps;spray.yarps;confirmed
ye_runda;yerunda;ye_runda;ye_runda;confirmed
Yoldie;yoldie;Yoldie;yoldie.one;confirmed
YoshLePoisson;poisson;POISSON;yoshlepoisson;confirmed
You Got Treat;you-got-treat;You got treat;you.got.treat;confirmed
Zarb Fullcolor;zarbfullcolor;zarbfullcolor;zarbfullcolor;confirmed
Zart;zart;Zart ;z.a.rt_78;confirmed
ZazouLGR;zazou-lgr;Zazou Lgr;zazoulgr;confirmed
Zeko;zeko;Zeko ;zekofficiel_;confirmed
Zelda.Bomba;zelda-bomba;Zelda Bomba;zeldabomba;confirmed
Zigom.art;zigom;Zigom;zigom.art;confirmed
Zoia;zoia;Zoia;zoiazine;confirmed
Zomeka;zomeka;Zomeka;zomek_a;confirmed
Zorm;zorm;Zorm;zorm.zorm;confirmed
Zykos;zykos;;zykos_brikabrac;confirmed
